{"cameraMode":{"drawMode":1,"name":"Wireframe","section":"Shading Mode"},"sceneLighting":false,"audioPlay":false,"sceneViewState":{"showFog":true,"showMaterialUpdate":false,"showSkybox":false,"showFlares":true,"showImageEffects":true,"showParticleSystems":true,"showVisualEffectGraphs":true,"m_FxEnabled":true},"in2DMode":false,"pivot":{"x":0.8034728765487671,"y":-4.7840166091918949,"z":23.939136505126954},"rotation":{"x":-0.23647619783878327,"y":-0.02419247291982174,"z":0.005895348731428385,"w":-0.9713305234909058},"size":20.724239349365236,"orthographic":false}